<?xml version="1.0" encoding="UTF-8"?>
<project-private xmlns="http://www.netbeans.org/ns/project-private/1">
    <editor-bookmarks xmlns="http://www.netbeans.org/ns/editor-bookmarks/2" lastBookmarkId="1">
        <file>
            <url>src/projeto/controller/ContatoController.java</url>
            <bookmark id="1">
                <name/>
                <line>2</line>
                <key/>
            </bookmark>
        </file>
    </editor-bookmarks>
    <open-files xmlns="http://www.netbeans.org/ns/projectui-open-files/2">
        <group>
            <file>file:/C:/Users/gabri/Documents/estudos/java/projeto/src/projeto/view/LoginFrame.java</file>
            <file>file:/C:/Users/gabri/Documents/estudos/java/projeto/src/projeto/Main.java</file>
            <file>file:/C:/Users/gabri/Documents/estudos/java/projeto/src/projeto/repository/ContatoRepository.java</file>
        </group>
    </open-files>
</project-private>
