<?xml version="1.0" encoding="UTF-8"?>
<project-private xmlns="http://www.netbeans.org/ns/project-private/1">
    <editor-bookmarks xmlns="http://www.netbeans.org/ns/editor-bookmarks/2" lastBookmarkId="0"/>
    <open-files xmlns="http://www.netbeans.org/ns/projectui-open-files/2">
        <group>
            <file>file:/C:/Users/gabri/Documents/estudos/java/aula12%20-%20BD_Teste/src/aula12/bd_teste/Connect_DB.java</file>
            <file>file:/C:/Users/gabri/Documents/estudos/java/aula12%20-%20BD_Teste/src/aula12/bd_teste/Aula12BD_Teste.java</file>
            <file>file:/C:/Users/gabri/Documents/estudos/java/aula12%20-%20BD_Teste/src/aula12/bd_teste/test.sql</file>
            <file>file:/C:/Users/gabri/Documents/estudos/java/aula12%20-%20BD_Teste/src/aula12/bd_teste/insert.java</file>
            <file>file:/C:/Users/gabri/Documents/estudos/java/aula12%20-%20BD_Teste/src/aula12/bd_teste/Select.java</file>
            <file>file:/C:/Users/gabri/Documents/estudos/java/aula12%20-%20BD_Teste/src/aula12/bd_teste/deletar.java</file>
        </group>
    </open-files>
</project-private>
